机会名称,机会类型,机会类型分组,主办方,议题标签,主题分区,相关度,截止日期,会议日期,地点/线上,原网页链接,申请/投稿链接,参加条件,费用,是否有资助,资助说明链接,需要准备的材料,岗位类型,岗位职能,排除原因,行动优先级,状态,备注,发现日期,最近核查日期,链接指纹
Call for Papers for the 2026 Annual Congress of the Asian Association of Environmental and Resource Economics,CFP,学术论坛/CFP,Asian Association of Environmental and Resource Economics,environmental economics; resource economics; climate adaptation; economic resilience; Asia,可持续发展/气候,中,2026-07-10,2026-08-20 to 2026-08-21,"Jakarta, Indonesia",https://aaere.org/call-for-papers-for-the-2026-annual-congress-of-aaere,https://jakarta2026.aaere.org,"Researchers working on environmental and resource economics topics, especially climate adaptation and economic resiliency in Asia; detailed eligibility needs checking.",Needs checking,Needs checking,Needs checking,Full paper or slides and registration materials; exact submission requirements need checking.,,Policy research,,高,值得申请,"Deadline appears to fall on the monitoring date, so act immediately if the submission or registration portal remains open.",2026-07-10,2026-07-10,c471c079a0cfa1e7
Singapore AI Safety Fellowship,fellowship,Fellowship,Singapore AI Safety Hub (SASH),AI安全;AI治理;国际AI合作;可信AI;研究资助,AI治理,高,2026-07-10,2026-09-21至2026-12-04,Singapore,https://www.aisafety.sg/programs/singapore-ai-safety-fellowship,https://www.aisafety.sg/programs/singapore-ai-safety-fellowship,面向希望开展能影响现实AI安全实践研究的研究者；具体学历、经验与项目要求待核查,待核查,是,https://www.aisafety.sg/programs/singapore-ai-safety-fellowship,申请表及研究相关材料；具体待核查,,AI或数字治理;政策研究;战略研究,,高,值得申请,"提供每月SGD 5,000 stipend、住宿和旅行支持，并含最高USD 30,000 compute，截止当天需立即行动。",2026-07-10,2026-07-10,0de9ea68b9771de2
UNEP Finance Initiative Internship for APAC Regional Team,internship,Internship,United Nations Environment Programme (UNEP),可持续金融;亚太;气候金融;发展;国际组织,可持续发展/气候,低,2026-07-10,待核查,Geneva/Remote,https://careers.un.org/jobSearchDescription/279004,https://careers.un.org/jobSearchDescription/279004,UN Secretariat internship 通常要求在读或近期毕业，具体学历、专业和语言要求以岗位页面为准；待核查,No Fee；实习薪酬/津贴待核查,待核查,待核查,UN Careers/Inspira 在线申请材料；具体材料待核查,Internship,可持续发展;发展融资;伙伴关系;政策研究,Specialized role barrier: it,高,值得申请,与亚太可持续金融和国际组织经历直接相关；按用户给定日期为截止当天，需立即确认时区。,2026-07-10,2026-07-10,c04b9f916bbafb69
Programme Management and Outreach Intern,internship,Internship,United Nations Office at Geneva,项目管理;传播倡导;多边外交;国际组织;日内瓦,全球治理/国际组织,低,2026-07-11,待核查,"Geneva, Switzerland",https://careers.un.org/jobSearchDescription/279081,https://careers.un.org/jobSearchDescription/279081,UN Secretariat internship 通常要求在读或近期毕业，具体学历、专业和语言要求以岗位页面为准；待核查,No Fee；实习薪酬/津贴待核查,待核查,待核查,UN Careers/Inspira 在线申请材料；具体材料待核查,Internship,项目支持;传播倡导;伙伴关系,Specialized role barrier: it,中高,值得申请,UN Geneva 平台价值高，虽然主题较宽，但对国际组织经历拓展有用。,2026-07-10,2026-07-10,ef9ad69c03ba2691
DC Winter Fellowship 2027,fellowship,Fellowship,GovAI,AI governance; AI policy; early career; public policy; research project,AI治理,高,2026-07-12,2027-01-18 to 2027-04-09,"Washington, DC",https://www.governance.ai/post/dc-winter-fellowship-2027,https://www.governance.ai/post/dc-winter-fellowship-2027,Open to early career individuals entering U.S. AI policy and more experienced professionals transitioning from adjacent fields; detailed eligibility needs checking.,Needs checking,Needs checking,Needs checking,Needs checking,,AI or digital governance,,高,值得申请,"Very time sensitive and highly relevant for AI governance, policy research, and early career positioning.",2026-07-10,2026-07-10,c13c8b3ce0343021
"Communications Intern, Corruption and Financial Crime Branch",internship,Internship,United Nations Office on Drugs and Crime,UN system; anti corruption; financial crime; governance; communications,可持续发展/气候,低,2026-07-13,Needs checking,"Vienna, Austria",https://careers.un.org/jobSearchDescription/280116,https://careers.un.org/jobSearchDescription/280116,Eligibility needs checking inside UN Careers; likely student or recent graduate eligibility applies.,No application fee indicated; remuneration needs checking.,Needs checking,Needs checking,"UN Careers profile, CV or personal history information, cover letter, and education information; exact materials need checking.",Internship,Communications,Specialized role barrier: it,中高,值得申请,"Relevant to governance and financial integrity, but the crime prevention framing makes it less central than development or climate policy roles.",2026-07-10,2026-07-10,ba333d23ac3cf1f1
"INTERN - ECONOMIC AFFAIRS, Economic Commission for Europe",internship,Internship,United Nations Economic Commission for Europe / UN Careers,economic affairs; sustainable development; international organizations; economic governance; policy research,可持续发展/气候,低,2026-07-13,待核查,"Geneva, Switzerland",https://careers.un.org/jobSearchDescription/280166,https://careers.un.org/jobSearchDescription/280166,UN internship 通常要求在读本科高年级/研究生或毕业后短期内；本岗位具体学历、语言和技能要求待核查,No Fee；差旅、签证、住宿及生活成本待核查,待核查,待核查,UN Careers 个人档案/PHP、教育经历、语言与技能信息等；是否需 cover letter 待核查,Internship,政策研究,Specialized role barrier: it,高,值得申请,UN Careers 已单独检索到明确 internship，经济事务方向与发展、国际经济治理和多边机构研究高度相关。,2026-07-10,2026-07-10,9e9328bdc9bb0765
UN Policy Pulse Intern,internship,Internship,United Nations Department of Global Communications / UN Careers,public information; communications; UN policy; global governance; multilateral cooperation,国际关系/政治学,低,2026-07-13,待核查,Work Location listed as Vienna；Duty Station listed as New York，需核查,https://careers.un.org/jobSearchDescription/279912,https://careers.un.org/jobSearchDescription/279912,UN internship 通常要求在读本科高年级/研究生或毕业后短期内；本岗位具体学历、语言和传播/政策写作要求待核查,No Fee；差旅、签证、住宿及生活成本待核查,待核查,待核查,UN Careers 个人档案/PHP、教育经历、语言与技能信息等；是否需 writing sample 待核查,Internship,传播倡导,Specialized role barrier: it,高,值得申请,公共信息与政策传播岗位，可用于积累联合国政策议题、全球治理传播和多边叙事经验。,2026-07-10,2026-07-10,de7dce8c68937595
UNDP Tokyo Public Affairs Intern,internship,Internship,UNDP Representation Office in Tokyo,UNDP; public affairs; communications; partnerships; youth engagement; SDGs; development,发展/不平等,低,2026-07-13,待核查,Tokyo，页面说明可根据事先协商偶尔远程,https://www.undp.org/sites/g/files/zskgke326/files/2026-06/tor-pa-intern-202606.pdf,mailto:undptokyo.hr@undp.org,研究生在读、本科最后一年在读，或毕业一年内；日语熟练；英语书面和口语优秀；专业经历为加分项,无申请费；除UNDP实习津贴外，其他相关费用由实习生或资助方承担,是,https://www.undp.org/sites/g/files/zskgke326/files/2026-06/tor-pa-intern-202606.pdf,UNDP Internship application form；英文和日文简历；英文和日文cover letter,Internship,传播倡导/伙伴关系/项目支持,岗位职能偏强专业壁垒：hr,高,值得申请,公共传播、私营部门伙伴关系、青年参与和发展议题结合紧密，截止很近。,2026-07-10,2026-07-10,e5cebac7f408f29e
"Intern – Climate, Economics and Finance",internship,Internship,World Resources Institute India,climate economics; climate finance; low-carbon transition; sustainability; policy research,可持续发展/气候,低,2026-07-14,待核查,"Bangalore, India；hybrid / office flex",https://www.wri.org/careers/jobs/intern-climate-economics-and-finance-2026-jr100352,https://www.wri.org/careers/jobs/intern-climate-economics-and-finance-2026-jr100352,正在攻读气候变化、可持续、公共政策、发展研究或相关方向硕士学位；0-1年相关工作/实习经验；其他资格待核查,待核查,待核查,待核查,简历；可能有 writing test；cover letter 或其他材料待核查,Internship,气候,Specialized role barrier: it,高,值得申请,"WRI 的 Climate, Economics and Finance 项目与气候融资、低碳转型和发展政策高度吻合，且截止临近。",2026-07-10,2026-07-10,3eca38673e554f99
UNEP Finance Initiative Risk Center Internship - Support for Sustainability Risk Programming,internship,Internship,United Nations Environment Programme (UNEP),可持续金融;气候金融;风险治理;ESG;国际组织,可持续发展/气候,低,2026-07-14,待核查,Geneva/Remote,https://careers.un.org/jobSearchDescription/280026?language=en,https://careers.un.org/jobSearchDescription/280026?language=en,UN Secretariat internship 通常要求在读或近期毕业，具体学历、专业和语言要求以岗位页面为准；待核查,No Fee；实习薪酬/津贴待核查,待核查,待核查,UN Careers/Inspira 在线申请材料；具体材料待核查,Internship,可持续发展;气候;发展融资;政策研究,Specialized role barrier: it,高,值得申请,UNEP FI 与可持续金融和风险治理高度匹配，截止日很近，应优先核查并提交。,2026-07-10,2026-07-10,13aba2ca53c95d6c
2nd Edition International Conference on Governance and Sustainability: Call for Papers,CFP,学术论坛/CFP,International Conference on Governance and Sustainability,governance; sustainability; climate change; CSR; technological change; economic change,可持续发展/气候,低,2026-07-15,2026-10-30,"Hammamet, Tunisia",https://eaa-online.org/arc/events/2nd-edition-international-conference-on-governance-and-sustainability-call-for-papers,https://eaa-online.org/arc/events/2nd-edition-international-conference-on-governance-and-sustainability-call-for-papers,"Researchers and practitioners working on governance, sustainability, CSR, climate, technological, and economic transformations; detailed eligibility needs checking.",Needs checking,Needs checking,Needs checking,Paper or proposal materials need checking in the full call.,,Policy research,Higher political sensitivity or China-related risk framing: ned,中高,值得申请,"Near deadline and thematically aligned with governance, sustainability, climate, and economic transformation.",2026-07-10,2026-07-10,45f0e215524d09bc
AGI Governance Fellowship,fellowship,Fellowship,Johns Hopkins University School of Government and Policy,AGI治理;AI政策;民主治理;制度设计;前沿AI,AI治理,高,2026-07-15,2026-09-08至2026-09-25,"Washington, DC；in-person only",https://sogp.jh.edu/agi-governance-fellowship,https://sogp.jh.edu/agi-governance-fellowship,须有相关领域研究生学位或等同实践经验；early career，通常为本科毕业8年内；已具备AI治理或前沿AI系统技术理解基础,项目资助旅行、住宿和餐食/incidentals；其他费用待核查,是,https://sogp.jh.edu/agi-governance-fellowship,在线申请材料；具体待核查,,AI或数字治理;政策研究;战略研究,,高,值得申请,面向已具备AI治理基础的early-career研究者/实践者，资助覆盖较清晰，适合高强度政策训练。,2026-07-10,2026-07-10,5e7012131b3a4b4f
"Green Finance, Technological Innovation & Global Governance International Conference",学术年会/CFP,学术论坛/CFP,"Shanghai University of International Business and Economics School of Finance / FinLAB, Dublin City University",green finance; technological innovation; global governance; sustainable finance; climate risk; digital finance,可持续发展/气候,高,2026-07-15,2026-08-29至2026-08-30,"Shanghai, China",https://info.business.dcu.ie/2026-finance-conference,mailto:finance_conference@suibe.edu.cn,研究者、博士生、政策制定者和实务界人士；论文投稿截止已过，注册截止仍需核查,官网显示doctoral student session和conference无费用；具体参会费用需再核查,是,https://info.business.dcu.ie/2026-finance-conference,论文需title page和anonymous main paper；PDF格式；邮件投稿；若仅注册则材料待核查,,发展融资/气候/政策研究,,中,待核查,论文投稿截止已过，但注册和博士生机会信息值得核查，主题与绿色金融和全球治理高度匹配。,2026-07-10,2026-07-10,a84ff3f5a8d7806f
ICEGOV 2026 Scholarship Application,学术年会,学术论坛/CFP,United Nations University Operating Unit on Policy-Driven Electronic Governance (UNU-EGOV) 与 Prince Sultan University,电子治理;数字政府;数字治理;社会包容;可持续发展,AI治理,高,2026-07-15,2026-09-28至2026-10-01,"Riyadh, Saudi Arabia",https://www.icegov.org/2026,https://www.icegov.org/2026,Scholarship具体申请条件待核查；会议面向电子治理/数字治理领域研究者、政府、国际组织、民间社会与产业界,参会注册费和奖学金覆盖范围待核查,是,https://www.icegov.org/2026,Scholarship申请材料待核查；如已投稿/录用论文需准备论文和作者注册材料,,AI或数字治理;政策研究;治理,,高,值得申请,UNU-EGOV主导的数字治理会议，奖学金申请7月15日截止，适合数字政府/AI治理方向。,2026-07-10,2026-07-10,0fb7b168583fef6c
Intern - Green Financial Systems and Climate Strategy,internship,Internship,European Bank for Reconstruction and Development,green finance; climate strategy; Paris alignment; financial institutions; MDB,可持续发展/气候,高,2026-07-15,12 months,"London, United Kingdom",https://jobs.ebrd.com/job/London-Intern/1412767333,https://jobs.ebrd.com/job/London-Intern/1412767333,Eligibility and qualifications need checking on the EBRD job page; role is in Policy and Partnerships with Green Financial Systems.,No application fee indicated; relocation and visa details need checking.,Yes,https://jobs.ebrd.com/job/London-Intern/1412767333,"CV, online application and supporting information; exact materials need checking.",Internship,Climate,,高,值得申请,Excellent MDB climate finance opportunity with direct exposure to green economy transition operations.,2026-07-10,2026-07-10,b9cea711ae05de51
PIU 2026 Policy Fellowship,policy fellowship,Fellowship,UK Policy Insights Unit / Open Innovation Team,policy fellowship; AI and emerging technologies; governance; sustainability; global systems; economic development,AI治理,中,2026-07-15,6个月，具体起止时间待核查,英国，形式待核查,https://www.gov.uk/government/news/applications-now-open-for-oits-2026-policy-fellowship,https://www.gov.uk/government/news/applications-now-open-for-oits-2026-policy-fellowship,面向UK-based civil servants/public officials，SEO-G6或同等职级,待核查,待核查,待核查,申请表；具体材料见Q&A pack,,政策研究/治理/AI或数字治理/战略研究,,中,新发现,主题含AI、新兴技术、治理、全球系统与经济发展，但资格限制较强。,2026-07-10,2026-07-10,72b593eabacc4461
Political Affairs Intern: Policy Planning,internship,Internship,United Nations Department of Peace Operations,政策规划;多边主义;国际组织;全球治理;和平行动,国际关系/政治学,低,2026-07-15,待核查,"New York, UNHQ",https://careers.un.org/jobSearchDescription/279488,https://careers.un.org/jobSearchDescription/279488,UN Secretariat internship 通常要求在读或近期毕业，具体学历、专业和语言要求以岗位页面为准；待核查,No Fee；实习薪酬/津贴待核查,待核查,待核查,UN Careers/Inspira 在线申请材料；具体材料待核查,Internship,政策研究;战略研究;治理,Specialized role barrier: it,高,值得申请,政策规划方向与全球治理、国际组织职业探索高度相关。,2026-07-10,2026-07-10,12657989d1ba601f
Second International Conference on Just Transition and Environmental Justice,CFP,学术论坛/CFP,Aberystwyth University Department of Law and Criminology,just transition; environmental justice; climate finance; climate governance; decarbonisation,可持续发展/气候,中,2026-07-15,2026-09-10 to 2026-09-11,"Aberystwyth University, United Kingdom",https://www.aber.ac.uk/en/lac/news/just-transition-and-environmental-justice/call-for-papers,https://www.aber.ac.uk/en/lac/news/just-transition-and-environmental-justice/call-for-papers,"Researchers and participants interested in just transition, environmental justice and climate governance.",Needs checking,Needs checking,Needs checking,Abstract and author details; exact format needs checking.,,Policy research,,中高,新发现,Good climate governance CFP with a near deadline and a strong justice and finance angle.,2026-07-10,2026-07-10,ae560e5f7e7e2f36
Communication Specialist Intern,internship,Internship,United Nations Office for the Coordination of Humanitarian Affairs / UN Careers,communications; humanitarian coordination; public information; international organizations; multilateral cooperation,全球治理/国际组织,低,2026-07-16,待核查,Kuwait；part-time；in person,https://careers.un.org/jobSearchDescription/280158,https://careers.un.org/jobSearchDescription/280158,UN internship 通常要求在读本科高年级/研究生或毕业后短期内；本岗位具体传播、编辑、社媒或语言要求待核查,No Fee；差旅、签证、住宿及生活成本待核查,待核查,待核查,UN Careers 个人档案/PHP、教育经历、语言与技能信息等；作品集或 writing sample 是否需要待核查,Internship,传播倡导,Specialized role barrier: it,中,新发现,虽偏人道协调传播，但仍属于联合国公共信息和国际组织能力建设经验，可作为备选。,2026-07-10,2026-07-10,7e27c50e2d7dc7c1
Communications and Outreach Intern,internship,Internship,United Nations Environment Programme,UN system; environment; communications; climate; sustainable development,可持续发展/气候,高,2026-07-16,Needs checking,"Nairobi, Kenya, in person",https://careers.un.org/jobSearchDescription/279623?language=en,https://careers.un.org/jobSearchDescription/279623?language=en,Eligibility needs checking inside UN Careers; likely student or recent graduate eligibility applies.,No application fee indicated; remuneration needs checking.,Needs checking,Needs checking,"UN Careers profile, CV or personal history information, cover letter, and education information; exact materials need checking.",Internship,Communications,,高,值得申请,Strong fit for climate and sustainable development communications within the UN system; verify details inside UN Careers with the Internship filter.,2026-07-10,2026-07-10,99fa53eecb68c86f
Claude Corps Fellow,fellowship,Fellowship,"Claude Corps, CodePath, and Anthropic",AI; public interest technology; nonprofit capacity; early career; social impact,AI治理,中,2026-07-17,"October 2026 start, 12 months","United States, host organization placement",https://job-boards.greenhouse.io/claudecorps/jobs/4250200009,https://job-boards.greenhouse.io/claudecorps/jobs/4250200009,Early career applicants with required Claude training completion; detailed eligibility and work authorization requirements need checking.,No application fee indicated.,Yes,https://www.anthropic.com/claude-corps/fellow,Application form and proof of completion of the required training; additional materials need checking.,,AI or digital governance,,中高,新发现,"Relevant for applied public interest AI, though it is more implementation and nonprofit capacity building than AI governance research.",2026-07-10,2026-07-10,b9fac00f2a613a1e
INTERN - ECONOMIC AFFAIRS,internship,Internship,United Nations Economic and Social Commission for Asia and the Pacific / UN Careers,economic affairs; Asia-Pacific development; sustainable development; international finance; policy analysis,可持续发展/气候,低,2026-07-17,待核查,"Bangkok, Thailand",https://careers.un.org/jobSearchDescription/278696,https://careers.un.org/jobSearchDescription/278696,UN internship 通常要求在读本科高年级/研究生或毕业后短期内；本岗位具体经济学、数据、政策分析和语言要求待核查,No Fee；差旅、签证、住宿及生活成本待核查,待核查,待核查,UN Careers 个人档案/PHP、教育经历、语言与技能信息等；其他材料待核查,Internship,发展融资,Specialized role barrier: it,高,值得申请,ESCAP 经济事务实习与亚太发展政策、区域合作和可持续发展议题直接相关。,2026-07-10,2026-07-10,1e8af05d55351bba
Artificial Intelligence Intern - Gulf Area Office,internship,Internship,UNICEF,AI governance; child rights; digital policy; programme management; partnerships,AI治理,低,2026-07-18,Two months,"Abu Dhabi, United Arab Emirates",https://jobs.unicef.org/en-us/job/594245/artificial-intelligence-intern-gulf-area-office-in-abu-dhabi-for-two-months,https://jobs.unicef.org/en-us/job/594245/artificial-intelligence-intern-gulf-area-office-in-abu-dhabi-for-two-months,"Currently enrolled in or graduated within the past two years from an undergraduate, graduate or PhD programme; exposure to political and ethical AI debates; English or another UNICEF working language required.","UNICEF does not charge a processing fee; travel, visa and insurance conditions need checking.",Needs checking,Needs checking,"Online application, academic records, CV or profile information; exact upload requirements need checking on the application portal.",Internship,AI or digital governance,Higher political sensitivity or China-related risk framing: ned,高,值得申请,"Highly aligned with AI governance, digital policy and UN programme engagement.",2026-07-10,2026-07-10,28fbc7de3fe73858
Audio-Visual Intern,internship,Internship,United Nations Department of Global Communications,public information; communications; UN outreach; media production,全球治理/国际组织,低,2026-07-18,Needs checking,"Mexico City, Mexico",https://careers.un.org/jobSearchDescription/279443?language=en,https://careers.un.org/jobSearchDescription/279443?language=en,UN internship eligibility applies; media or audio-visual skills are likely required and need checking inside UN Careers.,No application fee; living and travel costs need checking.,Needs checking,Needs checking,"UN Careers profile, CV-style employment and education information, and possible portfolio; exact materials need checking.",Internship,Communications,Role may require specialized audio-visual production skills rather than policy research.,中,新发现,Useful for UN communications exposure but less directly aligned with policy research.,2026-07-10,2026-07-10,015ff0b66a63d1ab
PIBBSS Fellowship 2026-2027 Winter Fellowship,fellowship,Fellowship,Principles of Intelligence / PIBBSS,AI safety; AI governance; interdisciplinary research; emerging technologies; policy research,AI治理,中,2026-07-20,待核查,"Cape Town, South Africa；具体形式待核查",https://princint.ai/programs/fellowship,https://princint.ai/programs/fellowship,面向希望转向 AI safety / AI governance 相关研究的跨学科研究者；具体学历、研究背景和国籍要求待核查,待核查,是,https://princint.ai/programs/fellowship,研究兴趣/项目说明、CV、写作或研究样本等待核查,,AI或数字治理,,中,新发现,偏 AI safety 技术/跨学科研究，不是传统国际组织政策岗；若希望补强 AI治理研究经历，可作为中优先级备选。,2026-07-10,2026-07-10,aac50a804aa4b5bb
"Fellow, Climate Policy and Development",fellowship,Fellowship,Center for Global Development,climate policy; development; climate finance; green growth; policy research,可持续发展/气候,高,2026-07-23,Full-time role,"London, United Kingdom",https://centerforglobaldevelopment.applytojob.com/apply/DPzXb2O7aG/Fellow-Climate-Policy-Development,https://centerforglobaldevelopment.applytojob.com/apply/DPzXb2O7aG/Fellow-Climate-Policy-Development,"PhD or Master's degree with extensive work experience; strong climate economics, climate finance or policy expertise; expected 12 or more years of experience.",No application fee indicated.,Yes,https://centerforglobaldevelopment.applytojob.com/apply/DPzXb2O7aG/Fellow-Climate-Policy-Development,"CV, cover letter and writing sample.",,Policy research,,中,新发现,"Excellent climate and development policy role, but seniority requirements are high.",2026-07-10,2026-07-10,92262ac4f1c975fb
"Public Partnership Intern, PPR Asia-Pacific Pillar Office in Tokyo",internship,Internship,UNICEF,partnerships; resource mobilization; ODA analysis; Japan; development cooperation,发展/不平等,高,2026-07-26,"September 2026 to August 2027, 3 to 6 months","Tokyo, Japan; hybrid negotiable",https://jobs.unicef.org/en-us/job/594285/public-partnership-intern-ppr-asiapacific-pillar-office-in-tokyo,https://jobs.unicef.org/en-us/job/594285/public-partnership-intern-ppr-asiapacific-pillar-office-in-tokyo,"Currently enrolled in university or graduate school, or graduated within two years; English and Japanese proficiency required; interest in development cooperation and human security desirable.",No processing fee; visa and health insurance are the candidate's responsibility.,Yes,https://jobs.unicef.org/en-us/job/594285/public-partnership-intern-ppr-asiapacific-pillar-office-in-tokyo,"CV in English and Japanese, cover letter in English, availability information, and online application form.",Internship,Partnerships,,中高,值得申请,"Good fit for development cooperation, donor analysis and IFI-adjacent partnership work.",2026-07-10,2026-07-10,c9aec559d83bc3b2
INTERN - Project Management,internship,Internship,United Nations Department of Operational Support,项目管理;联合国系统;组织治理;运营支持,国际关系/政治学,低,2026-07-30,待核查,New York 或 Remote；full-time 或 part-time,https://careers.un.org/jobSearchDescription/280216,https://careers.un.org/jobSearchDescription/280216,UN Secretariat internship 通常要求在读或近期毕业，具体学历、专业和语言要求以岗位页面为准；待核查,No Fee；实习薪酬/津贴待核查,待核查,待核查,UN Careers/Inspira 在线申请材料；具体材料待核查,Internship,项目支持;治理;战略研究,Specialized role barrier: it,中,新发现,主题不如政策研究直接，但可用于积累联合国内部项目管理经验。,2026-07-10,2026-07-10,176374bd4061b561
Intern - Communications,internship,Internship,United Nations Office of the Special Coordinator on Improving the United Nations Response to Sexual Exploitation and Abuse,communications; public information; UN system; accountability; international organizations,全球治理/国际组织,低,2026-07-30,待核查,New York，页面说明优先线下全职，可考虑兼职,https://careers.un.org/jobSearchDescription/279845,https://careers.un.org/jobSearchDescription/279845,UN internship通常要求在读本科最后一年、在读研究生或毕业一年内；该岗位具体资格需在页面内核查,No Fee,待核查,待核查,UN Careers个人资料、CV/教育信息、动机说明等，具体以系统要求为准,Internship,传播倡导,Specialized role barrier: it,中高,新发现,明确为UN Careers internship，适合希望积累联合国传播与公共信息经验者。,2026-07-10,2026-07-10,4f1e1a426d37b8c9
IGF 2026 Call for Session Proposals,CFP,学术论坛/CFP,"Internet Governance Forum (IGF), United Nations",数字治理;互联网治理;AI时代;多利益相关方治理;全球治理,AI治理,高,2026-07-31,2026-12-14至2026-12-18,"Nairobi, Kenya；线上参与安排待核查",https://intgovforum.org/en/content/igf-2026-call-for-session-proposals,https://intgovforum.org/en/content/igf-2026-call-for-session-proposals,面向互联网治理相关多利益相关方社群；具体 session 类型和提交流程以官网为准,待核查,待核查,https://intgovforum.org/en,Session proposal；具体包括主题、组织者、形式、目标等，待核查,,AI或数字治理;政策研究;伙伴关系,,高,值得申请,IGF 2026主题为智能时代的互联网治理，适合提交AI治理、数字公共基础设施或平台治理相关session。,2026-07-10,2026-07-10,f108e3a00611a261
Intern - Social Affairs,internship,Internship,United Nations Department of Economic and Social Affairs,social affairs; sustainable development; inclusion; DESA; international organizations,可持续发展/气候,低,2026-08-04,待核查,UNHQ New York,https://careers.un.org/jobSearchDescription/280461,https://careers.un.org/jobSearchDescription/280461,UN internship通常要求在读本科最后一年、在读研究生或毕业一年内；该岗位具体资格需在页面内核查,No Fee,待核查,待核查,UN Careers个人资料、CV/教育信息、动机说明等，具体以系统要求为准,Internship,可持续发展/政策研究/项目支持,Specialized role barrier: it,高,新发现,DESA社会事务方向与发展、不平等和SDGs相关，需进一步打开岗位正文确认具体处室和任务。,2026-07-10,2026-07-10,1ac4cb0695f515be
Civil Society Policy Forum: Annual Meetings 2026 Call for Proposals,CFP,学术论坛/CFP,World Bank Group / International Monetary Fund,civil society; development finance; IMF; World Bank; global economic governance; Annual Meetings,国际金融/债务,高,2026-08-10,2026-10-13至2026-10-16,Bangkok，混合参与,https://www.worldbank.org/en/events/2026/10/13/civil-society-policy-forum-annual-meetings-2026,https://www.surveymonkey.com/r/CSPFatAM26,Call for Proposals面向CSOs和CSO networks；每个组织限主办一个session，个人speaker最多参与两个session,待核查,待核查,待核查,session proposal、主办组织信息、speaker信息等在线表单材料,,政策研究/发展融资/治理/伙伴关系,,高,值得申请,WBG-IMF年会期间最重要的民间社会政策参与入口之一，适合有组织平台或联合提案资源者。,2026-07-10,2026-07-10,5414d9feb6995198
Intern - Economic Affairs (Trade Policy),internship,Internship,United Nations Economic and Social Commission for Asia and the Pacific,trade policy; economic affairs; sustainable development; Asia-Pacific; UN system,可持续发展/气候,高,2026-08-13,Needs checking,"Bangkok, Thailand",https://careers.un.org/jobSearchDescription/280255?language=en,https://careers.un.org/jobSearchDescription/280255?language=en,UN internship eligibility applies; academic enrollment or recent graduation details need checking inside UN Careers.,No application fee; living and travel costs need checking.,Needs checking,Needs checking,"UN Careers profile, education details, motivation statement and supporting documents; exact materials need checking inside UN Careers.",Internship,Development finance,,高,值得申请,"Strong fit for trade, development policy and Asia-Pacific economic governance; verify full duties inside UN Careers with the Internship filter.",2026-07-10,2026-07-10,066bf310d68034c0
Things Fall Apart? Towards an Anticipatory International Political Economy in an Age of Global Disorder,workshop,学术论坛/CFP,BISA International Political Economy Working Group,international political economy; climate breakdown; AI platforms; Global South; development finance,可持续发展/气候,高,2026-08-15,2026-10-15 to 2026-10-16,"University of Manchester, United Kingdom",https://www.bisa.ac.uk/members/working-groups/ipeg/news/call-papers-things-fall-apart-towards-anticipatory-international-political-economy-age-global,https://www.bisa.ac.uk/members/working-groups/ipeg/news/call-papers-things-fall-apart-towards-anticipatory-international-political-economy-age-global,"Scholars, students, activists and policy practitioners may submit papers, work-in-progress presentations or panel proposals.",Registration is free for BISA members.,Yes,https://www.bisa.ac.uk/members/working-groups/ipeg/news/call-papers-things-fall-apart-towards-anticipatory-international-political-economy-age-global,"Abstract of up to 200 words; panel title, panel theme and individual abstracts for panel proposals.",,Policy research,,高,值得申请,"Excellent CFP for IPE, climate, AI, Global South and development finance research.",2026-07-10,2026-07-10,4a842c4ebc7690ec
World Bank GovTech Innovation Challenge on Public Audit in Morocco,其他,其他,"World Bank, Swiss State Secretariat for Economic Affairs (SECO), Trust Valley, Morocco General Inspectorate of Finance",GovTech;数字政府;公共财政监督;公共采购审计;数字治理;世界银行,AI治理,中,2026-08-21,2026-10 late October bootcamp；三个月proof of concept开发,Switzerland and Morocco bootcamp；其他环节待核查,https://thedocs.worldbank.org/en/doc/fe7f0dd1987497dff29ed195c6f1423e-0350092026/related/2026-GIC-Joint-Communication-CfP-IGF.pdf,https://govtech.trustvalley.swiss,面向全球technology companies，包括startups、scale-ups和SMEs；须具备相关专业能力并承诺参与项目,待核查,待核查,待核查,技术解决方案proposal；可申请一个或两个challenge；具体材料以申请网站为准,,AI或数字治理;治理;发展融资;战略研究,,中高,新发现,更适合有团队或技术/政策产品方案者，主题连接公共财政监督和GovTech。,2026-07-10,2026-07-10,70c652c709f69e1f
29th IPSA World Congress of Political Science - Call for Panels / Call for Papers,学术年会,学术论坛/CFP,International Political Science Association,political science; governance; global system; international relations; comparative politics,国际关系/政治学,中,2026-08-26,2027-07-24至2027-07-28,待核查,https://wc2027.ipsa.org/wc/important-dates,https://wc2027.ipsa.org/wc/important-dates,Call for Panels 已开放；Call for Papers 将于2026-09-08开放；具体会员、投稿和注册要求待核查,待核查,是,https://wc2027.ipsa.org/wc/important-dates,Panel proposal 或 paper proposal；摘要、作者信息、关键词等具体要求待核查,,政策研究,,中,长期关注,主题为“Uncertain Democracies: Rethinking Governance in a Changing Global System”，适合国际关系、全球治理和政治学方向长期规划。,2026-07-10,2026-07-10,9dd0bd032bacf151
Policy Fellowship on The New Geopolitics of Global Governance,fellowship,Fellowship,"Global Development Institute, University of Manchester and BRICS Plus Thinking Initiative",global governance; AI and digital transition; debt; finance; climate; development,可持续发展/气候,高,2026-08-31,October 2026 to September 2027 or January 2027 to December 2027,"University of Manchester, United Kingdom; part-time equivalent engagement",https://blog.gdi.manchester.ac.uk/policy-fellowship-on-the-new-geopolitics-of-global-governance,https://blog.gdi.manchester.ac.uk/policy-fellowship-on-the-new-geopolitics-of-global-governance,Academic or researcher with a PhD and considerable postdoctoral expertise in global governance.,No application fee indicated.,Yes,https://blog.gdi.manchester.ac.uk/policy-fellowship-on-the-new-geopolitics-of-global-governance,Full CV and two-page research proposal submitted by email.,,Policy research,,高,值得申请,"Very strong thematic match across global governance, AI, debt, finance, climate and development.",2026-07-10,2026-07-10,40cac259c114f461
World Bank Group Pioneers Program - Winter/Fall Cycle 2026,internship,Internship,World Bank Group,国际发展;发展金融;经济学;环境;私营部门发展;世界银行,可持续发展/气候,高,2026-08-31 或待核查,Winter/Fall Cycle，具体实习日期待核查,"Washington, DC 和/或世界银行各地办公室；具体待核查",https://www.worldbank.org/ext/en/careers/talent-programs/wbg-pioneers,https://www.worldbank.org/ext/en/careers/talent-programs/wbg-pioneers,本科最后一年学生，或正在攻读硕士/博士；0-6年工作经验；英语流利；须为World Bank Group成员国公民,待核查,是,https://www.worldbank.org/ext/en/careers/talent-programs/wbg-pioneers,在线申请；具体岗位材料待核查,Internship,政策研究;项目支持;可持续发展;发展融资;战略研究,,高,值得申请,页面显示7-8月接受Winter/Fall Cycle申请，且为 paid internship，世界银行发展方向匹配度很高。,2026-07-10,2026-07-10,5d55156ac5b75f5e
ISA Dissertation Completion Fellowship 2026-2027,fellowship,Fellowship,International Studies Association,international studies; dissertation support; political science; international relations; graduate funding,国际关系/政治学,高,2026-09-01,2026-2027 fellowship year,Funding support; location depends on applicant project,https://www.isanet.org/ISA/Governance/Committees/Dissertation-Fellowship/Call,https://www.isanet.org/ISA/Governance/Committees/Dissertation-Fellowship/Call,"ISA graduate student member in later stages of a PhD programme, working on an international studies topic.",ISA membership required; application fee not indicated.,Yes,https://www.isanet.org/ISA/Governance/Committees/Dissertation-Fellowship/Call,"1000-1500 word proposal, one-page funding statement, one-page budget narrative, CV and advisor recommendation letter.",,Policy research,,中高,值得申请,High-value academic funding opportunity for international relations or global governance dissertation work.,2026-07-10,2026-07-10,979fd72ba9ff24b0
Sector Transition: UKRI Policy Fellowships 2026,policy fellowship,Fellowship,UK Research and Innovation,policy fellowship; evidence-informed policy; climate policy; AI-assisted evaluation; government-academia exchange,AI治理,中,2026-09-10,18个月,英国政策部门或相关host partner，具体以fellowship position为准,https://www.ukri.org/opportunity/sector-transition-ukri-policy-fellowships-2026,https://www.ukri.org/opportunity/sector-transition-ukri-policy-fellowships-2026,申请人需为持有博士或能证明同等研究经验的学者，并满足所在机构/host partner资格条件,待核查,是,https://www.ukri.org/opportunity/sector-transition-ukri-policy-fellowships-2026,项目summary、core team、vision、approach to co-design、applicant capability等Funding Service申请材料,,政策研究/气候/AI或数字治理/战略研究,,中高,新发现,含能源安全、气候政策评估和AI辅助政策评估等方向，适合有博士或同等研究经验者。,2026-07-10,2026-07-10,5fb2c3ec6d7090aa
ICCROM Fellowship Applications 2027,visiting fellowship,Fellowship,ICCROM,气候行动;可持续发展;政策议程;数字转型;复杂危机,可持续发展/气候,中,2026-09-15,2027年开展，3-6个月,"Rome, Italy；可部分线上，需说明理由",https://www.iccrom.org/get-involved/fellowships,https://www.iccrom.org/get-involved/fellowships,面向相关研究提案申请者；具体学历、职业背景与研究主题要求待核查,需自行安排旅行、住宿和个人保险；ICCROM提供办公空间、电脑、网络、文具及文献资源,否,https://www.iccrom.org/get-involved/fellowships,在线申请表；需上传相关数字文件，具体包括研究材料/证明文件待核查,,政策研究;可持续发展;气候;战略研究,,中,长期关注,主题需与气候行动、可持续发展或数字转型挂钩；无经费支持，因此优先级低于全资助项目。,2026-07-10,2026-07-10,20a4e0eeb519682e
Special Issue: The Climate-Mental Health Nexus in Global Governance,CFP,学术论坛/CFP,United Nations University Institute on Comparative Regional Integration Studies,climate governance; global governance; environmental multilateralism; social inclusion; policy research,可持续发展/气候,低,2026-09-28,Special issue submission cycle,Online journal submission,https://unu.edu/cris/news/call-papers-special-issue-climate-mental-health-nexus-global-governance,https://www.frontiersin.org/research-topics/79251/the-climate-mental-health-nexus-in-global-governance,"Researchers submitting articles relevant to climate, mental health and global governance.",Article processing charges need checking on the journal submission page.,Needs checking,Needs checking,Full manuscript prepared according to the journal research topic guidelines.,,Policy research,Mental health is not a core priority topic unless framed through climate governance and multilateral policy.,中,新发现,"Keep only if the paper can be framed around climate governance, environmental multilateralism or inclusive global governance.",2026-07-10,2026-07-10,ab60168d1cb06293
2026 Annual Global Development Finance Conference,CFP/学术年会,学术论坛/CFP,"Chartered Institute of Development Finance / Development Finance Centre, UCT GSB / Africagrowth Institute",development finance; sustainable finance; financing for growth; DFIs; blended finance,可持续发展/气候,高,2026-09-30,2026-11-17至2026-11-18,"Cape Town, South Africa",https://www.globalcidef.com/event/2026-annual-global-development-finance-conference,https://www.africagrowth.com/mdevf_emailer/mdevf_mailer_2026.html,面向发展金融和可持续金融领域从业者、学者和研究生；摘要/论文投稿要求见官网,non-presenter 250美元起；academic presenter 300美元；具体以官网为准,待核查,待核查,摘要或论文；注册表；其他待核查,,发展融资/政策研究/战略研究,,中高,新发现,发展融资主题非常匹配，摘要截止仍开放，适合论文或政策研究展示。,2026-07-10,2026-07-10,1056802467b99ce0
Call for Papers: Towards a Global South-driven Future for Development Studies,CFP,学术论坛/CFP,Development Studies Association and partner universities,development studies; Global South; early career researchers; Asia; Africa; funded workshop,发展/不平等,高,2026-09-30,April 2027,"Bandung, Indonesia",https://www.devstud.org.uk/2026/06/09/call-for-papers-towards-a-global-south-driven-future-for-development-studies,https://www.devstud.org.uk/2026/06/09/call-for-papers-towards-a-global-south-driven-future-for-development-studies,Early career researchers based in Asia and Africa working on development broadly conceived.,Needs checking,Yes,https://www.devstud.org.uk/2026/06/09/call-for-papers-towards-a-global-south-driven-future-for-development-studies,"Extended abstract of 750 to 1000 words, short two page CV, and writing sample.",,Policy research,,高,值得申请,"Strong fit for development studies, early career publication building, and Global South research networks, with travel expenses linked to workshop participation.",2026-07-10,2026-07-10,506bba146b868e00
World Bank Group Young Professionals Program 2026-2027,其他,青年项目,World Bank Group,国际发展;发展金融;世界银行;早期职业;多边开发银行,可持续发展/气候,高,2026-09-30,2027-09 入职；面试与评估为2026-12至2027-01,"World Bank Group 全球办公室；新 cohort 从 Washington, DC 开始",https://www.worldbank.org/ext/en/careers/talent-programs/young-professionals-program,https://www.worldbank.org/ext/en/careers/talent-programs/young-professionals-program,World Bank Group成员国国籍；本科后至少2年全职工作经验；2027-09-01前完成相关硕士或以上学历；英语优秀；无年龄限制但面向2-6年相关经验的early-career professionals,无申请费信息；待核查,不适用,待核查,CV/resume、护照照片页、学历证明/成绩单或在读证明,,政策研究;发展融资;战略研究;可持续发展,,高,长期关注,9月1日开放、9月30日截止，是世界银行系统早期职业核心通道，需提前准备材料。,2026-07-10,2026-07-10,c31b0004c3cb7429
2026 Annual Meetings of the IMF and World Bank Group,国际组织年会,会议,International Monetary Fund / World Bank Group,Annual Meetings; international finance; development; poverty reduction; global economic governance,国际金融/债务,高,2026-10-02,2026-10-12至2026-10-18,"Bangkok, Thailand",https://www.worldbank.org/en/meetings/splash/annual/overview,https://www.worldbank.org/en/meetings/splash/annual/registration,Guest类别包括私营部门、学界/学生等；CSO和Parliamentarian按相应类别申请；学界/学生需提交身份和学术兴趣证明,待核查,待核查,待核查,注册申请信息；学界/学生类别通常需院系或大学证明信；签证/入境材料视情况准备,,发展融资/政策研究/战略研究,,中高,新发现,国际金融与发展治理核心年会，适合关注债务、发展融资、IMF/WBG治理议题者。,2026-07-10,2026-07-10,3ec308e4962dca2c
DebtCon9 — 9th Interdisciplinary Sovereign Debt Research and Management Conference,CFP,学术论坛/CFP,Sovereign Debt Forum / University of Vienna / Central European University Department of Legal Studies,sovereign debt; debt restructuring; climate-resilient debt instruments; green bonds; AI and sovereign credit governance; development finance,可持续发展/气候,高,2026-10-31,2027-05-24至2027-05-26,"Vienna, Austria",https://www.publicdebtnet.org/pdm/events-archive/index.html?month=January&searchmode=years&year=2026,https://www.conftool.org/debtcon9,面向主权债务、债务管理、国际金融、发展融资等领域学者、政策人员、实践者和民间社会；具体摘要格式与参会要求待核查,待核查,待核查,待核查,摘要或论文提案；作者信息；具体格式待核查,,发展融资,,高,新发现,主权债务、气候韧性债务工具、债务重组和 AI 信用治理高度贴合国际金融/债务主线。,2026-07-10,2026-07-10,89ade1fe979330ab
INTERNSHIP: Education Sector,internship,Internship,UNESCO,UNESCO; education policy; sustainable development; SDG 4; programme support,可持续发展/气候,低,2026-12-31,1 to 6 months,Multiple locations,https://careers.unesco.org/job/Multiple-INTERNSHIP-Education-Sector/1347773857,https://careers.unesco.org/job/Multiple-INTERNSHIP-Education-Sector/1347773857,"Applicants must be at least 20 years old and be enrolled in an eligible undergraduate final stage, master's, PhD, or equivalent programme, or have completed a degree within the last 12 months; excellent English or French is required.","No application fee; UNESCO internships are unpaid and interns arrange travel, visa, and medical insurance.",No,https://careers.unesco.org/content/Internship-Programme/?locale=en_GB,"Online application responses; before the internship, proof of identity, certificate of enrollment, transcript, or diploma may be required.",Internship,Programme support,Specialized role barrier: medical,中,新发现,"Useful for SDG and education policy exposure, though less directly focused on climate finance or global governance than the Governing Bodies Secretariat internship.",2026-07-10,2026-07-10,3fc9240fec6c6bfb
INTERNSHIP: Governing Bodies Secretariat,internship,Internship,UNESCO,UNESCO; governance; governing bodies; international organizations; reporting; research,国际关系/政治学,低,2026-12-31,1 to 6 months,"UNESCO Headquarters, field offices, and institutes",https://careers.unesco.org/job/Multiple-INTERNSHIP-Governing-Bodies-Secretariat/1347787357,https://careers.unesco.org/job/Multiple-INTERNSHIP-Governing-Bodies-Secretariat/1347787357,"Applicants must be at least 20 years old and be enrolled in an eligible undergraduate final stage, master's, PhD, or equivalent programme, or have completed a degree within the last 12 months; excellent English or French is required.","No application fee; UNESCO internships are unpaid and interns arrange travel, visa, and medical insurance.",No,https://careers.unesco.org/content/Internship-Programme/?locale=en_GB,"Online application responses; before the internship, proof of identity, certificate of enrollment, transcript, or diploma may be required.",Internship,Governance,Specialized role barrier: medical,高,值得申请,"Excellent fit for learning UN governance, Executive Board processes, analytical notes, reporting, and international organization procedures.",2026-07-10,2026-07-10,45349deda1fa3498
INTERNSHIP: Office of the Director-General,internship,Internship,UNESCO,UNESCO; international organization management; 2030 Agenda; policy notes; speechwriting,全球治理/国际组织,低,2026-12-31,1 to 6 months,UNESCO Headquarters,https://careers.unesco.org/job/Multiple-INTERNSHIP-Office-of-the-Director-General/1348534057,https://careers.unesco.org/job/Multiple-INTERNSHIP-Office-of-the-Director-General/1348534057,"At least 20 years old; currently in final undergraduate year, enrolled in a second degree, or graduated within the last 12 months; excellent English or French required.","No application fee; interns arrange visa, travel and medical insurance.",No,https://careers.unesco.org/job/Multiple-INTERNSHIP-Office-of-the-Director-General/1348534057,"CV, application questions, proof of identity, certificate of enrollment, transcript or diploma if selected.",Internship,Strategy,Specialized role barrier: medical,高,值得申请,"Very strong fit for international organization operations, strategic decision support and policy writing.",2026-07-10,2026-07-10,6f5bfa2bfe5c768b
INTERNSHIP: Priority Africa and External Relations,internship,Internship,UNESCO,Priority Africa; external relations; UN system; intergovernmental organizations; partnerships; global policy,全球治理/国际组织,低,2026-12-31,1-6个月实习，具体起止时间由 placement 决定,"UNESCO Headquarters, Field Offices, and Institutes",https://careers.unesco.org/job/Multiple-INTERNSHIP-Priority-Africa-and-External-Relations/1348535957,https://careers.unesco.org/job/Multiple-INTERNSHIP-Priority-Africa-and-External-Relations/1348535957,至少20岁；本科三年级/最后一年在读，或硕士/博士在读，或本科/硕士/博士毕业后不超过12个月；英语或法语优秀；需具备办公软件能力,UNESCO does not remunerate interns；差旅、签证、住宿、保险等由申请人承担,否,https://careers.unesco.org/job/Multiple-INTERNSHIP-Priority-Africa-and-External-Relations/1348535957,申请表；身份文件；在读证明、成绩单或毕业证明；非英/法文件需提供非正式英/法译本；其他材料待核查,Internship,伙伴关系,Specialized role barrier: it,中高,值得申请,侧重成员国、UN系统、政府间组织和外部关系协调，适合积累多边合作与国际组织伙伴关系经验。,2026-07-10,2026-07-10,d0f015a0cbc104c9
INTERNSHIP: Sciences,internship,Internship,UNESCO,sustainable development; climate resilience; AI ethics; science policy; public policy; international cooperation,AI治理,低,2026-12-31,1-6个月实习，具体起止时间由 placement 决定,"UNESCO Headquarters, Field Offices, and Institutes",https://careers.unesco.org/job/Multiple-INTERNSHIP-Sciences/1348537457,https://careers.unesco.org/job/Multiple-INTERNSHIP-Sciences/1348537457,至少20岁；本科三年级/最后一年在读，或硕士/博士在读，或本科/硕士/博士毕业后不超过12个月；英语或法语优秀；需具备办公软件能力,UNESCO does not remunerate interns；申请费待核查但通常无申请费；差旅、签证、住宿、保险等由申请人承担,否,https://careers.unesco.org/job/Multiple-INTERNSHIP-Sciences/1348537457,申请表；身份文件；在读证明、成绩单或毕业证明；非英/法文件需提供非正式英/法译本；其他材料待核查,Internship,AI或数字治理,Specialized role barrier: it,高,值得申请,覆盖 AI伦理治理、科技创新政策、气候韧性、可持续发展和国际组织政策制定，匹配度很高。,2026-07-10,2026-07-10,ee239d0d312631ab
UNESCO Internship: Communication and Information Sector,internship,Internship,UNESCO,digital transformation; access to information; media development; innovation for sustainable development; communication and information,AI治理,低,2026-12-31,1-6个月，具体起止时间待核查,UNESCO Headquarters、Field Offices或Institutes,https://careers.unesco.org/job/Multiple-INTERNSHIP-Communication-and-Information-Sector/1347542457,https://careers.unesco.org/job/Multiple-INTERNSHIP-Communication-and-Information-Sector/1347542457,UNESCO internship通常面向符合其学历与语言要求的学生或近期毕业生；该岗位具体条件需在申请系统核查,待核查,待核查,待核查,待核查,Internship,AI或数字治理/传播倡导/项目支持/伙伴关系,Specialized role barrier: it,高,值得申请,重点覆盖知识社会、信息获取、媒体发展和包容性数字转型，较匹配数字治理与可持续发展方向。,2026-07-10,2026-07-10,f00ee6a4e8f52d51
UNESCO Internship: Communications and Public Engagement,internship,Internship,UNESCO,传播倡导;联合国系统;可持续发展;公共参与;数字传播,可持续发展/气候,低,2026-12-31,1-6个月实习，具体开始日期待核查,"UNESCO Headquarters, Field Offices, and Institutes",https://careers.unesco.org/job/Multiple-INTERNSHIP-Communications-and-Public-Engagement/1347728357,https://careers.unesco.org/job/Multiple-INTERNSHIP-Communications-and-Public-Engagement/1347728357,至少20岁；本科三年级/最后一年在读，或硕博在读，或本科/硕博毕业12个月内；需英语或法语优秀；具体以页面为准,UNESCO 不向实习生支付报酬；需自行承担旅行、签证、保险等费用,否,https://careers.unesco.org/content/Internship-Programme/?locale=en_GB,CV/resume、motivation letter；实习开始前需身份证明/在读证明/毕业证明等,Internship,传播倡导;项目支持;伙伴关系,Specialized role barrier: it,中,新发现,适合希望补强国际组织传播、公共参与与可持续发展叙事经验的人。,2026-07-10,2026-07-10,4530f50c33765347
Political Affairs Intern: Information Analysis and Data Visualisation,internship,Internship,United Nations Department of Political and Peacebuilding Affairs / Department of Peace Operations,political affairs; peace and security; data visualisation; international organizations; global governance,国际关系/政治学,低,2027-05-06,待核查,New York优先，可远程或混合,https://careers.un.org/jobSearchDescription/276487?language=en,https://careers.un.org/jobSearchDescription/276487?language=en,UN internship通常要求在读本科最后一年、在读研究生或毕业一年内；该岗位具体资格需在页面内核查,No Fee,待核查,待核查,UN Careers个人资料、学历/在读信息、动机说明等，具体以系统要求为准,Internship,政策研究/治理/战略研究,Specialized role barrier: it,高,值得申请,UN Careers单独检索所得，政治事务与信息分析方向高度匹配；需在 UN Careers 站内以 Internship 过滤核查最新状态。,2026-07-10,2026-07-10,8ed31fdd4deb399f
Global Environment Facility Internship Program,internship,Internship,Global Environment Facility,climate finance; global environment; multilateral funds; research; policy support,可持续发展/气候,低,Needs checking,3 to 6 months,"Washington, DC; remote possibility case by case",https://www.thegef.org/careers,https://www.thegef.org/careers,Undergraduate degree and enrolled or planning to enroll in a graduate programme relevant to GEF work; English fluency required.,"Applicants arrange accommodation, travel and medical insurance.",Yes,https://www.thegef.org/careers,Statement of interest and CV for corresponding opportunities when listed.,Internship,Climate,Specialized role barrier: medical,中,长期关注,Important climate fund internship channel; monitor for specific listed openings before applying.,2026-07-10,2026-07-10,9a25f32280276b79
Green Climate Fund Internship Programme,internship,Internship,Green Climate Fund,climate finance; climate fund; internship; sustainable development; multilateral finance,可持续发展/气候,高,Needs checking,Typical cohort starts around July; exact 2027 cycle needs checking,"Songdo, Republic of Korea",https://www.greenclimate.fund/about/careers/internship-programme,https://www.greenclimate.fund/about/careers/apply,"Applicants should be enrolled in a master's or PhD programme prior to the internship assignment or be recent graduates, study a field directly related to GCF work, and have excellent English.",No application fee indicated.,Yes,https://www.greenclimate.fund/about/careers/internship-programme,CV and online application profile; exact role specific materials need checking in the GCF Careers Portal.,Internship,Climate,,中,长期关注,High strategic fit for climate finance and multilateral climate funds; monitor the Careers Portal because the cohort call typically opens around December to early January.,2026-07-10,2026-07-10,09b77595afcdb1b5
"Internship, Global Governance, Fall 2026",internship,Internship,Council on Foreign Relations,think tank; global governance; international institutions; UN Secretary General selection; research,发展/不平等,低,Needs checking,Fall 2026,Needs checking,https://assets.cfr.org/GlobalGovernanceFall2026JD_prb28g.pdf,Needs checking,"Graduate student majoring in international relations, global governance, public policy, or a related field; applicants should have completed the equivalent of four semesters of college coursework.",No application fee indicated; internship is described as funded.,Yes,https://assets.cfr.org/GlobalGovernanceFall2026JD_prb28g.pdf,Needs checking,Internship,Policy research,Includes U.S. foreign policy and great power competition framing; review assignment topics carefully before applying.,中,待核查,"Good global governance research fit, especially for international institutions, but not the safest neutral development policy option.",2026-07-10,2026-07-10,930fa7735efd70c6
13th OECD Forum on Green Finance and Investment,国际组织年会/论坛,会议,OECD,green finance; climate finance; clean energy finance; investment mobilisation; sustainable development,可持续发展/气候,高,待核查,2026-10-07至2026-10-08,"OECD Conference Centre, Paris；线上/直播待核查",https://www.oecd-events.org/e/oecd-forum-on-green-finance-and-investment-2026/content/agenda,https://www.oecd-events.org/e/oecd-forum-on-green-finance-and-investment-2026/content/practical-information,线下参与需提前注册；其他条件待核查,待核查,待核查,待核查,注册信息、身份证件或护照、确认邮件；其他材料待核查,,气候/发展融资/政策研究,,中高,新发现,聚焦绿色金融、清洁能源融资和投资动员，适合跟踪气候融资与国际金融政策。,2026-07-10,2026-07-10,fe9686e6d63fc264
2026 Global Conference of the International Decade of Sciences for Sustainable Development,国际组织年会/论坛,会议,UNESCO / UN system partners,science for sustainable development; SDGs; UN; UNESCO; sustainable development,可持续发展/气候,中,待核查,2026-07-15至2026-07-17,"UNESCO Headquarters, Paris",https://indico.un.org/event/1021402/registrations,https://indico.un.org/event/1021402/registrations,待核查,待核查,待核查,待核查,Indico.UN注册信息；其他待核查,,可持续发展/政策研究/战略研究,,中,新发现,UNESCO总部近期可持续发展科学会议，适合拓展SDGs和国际组织会议经历。,2026-07-10,2026-07-10,3123101827e11805
2026 Global Internship Program,internship,Internship,Asian Infrastructure Investment Bank,development finance; infrastructure finance; sustainability; multilateral development bank; international development,可持续发展/气候,低,待核查,2026年项目，具体实习期按岗位确定,待核查,https://www.aiib.org/en/opportunities/career/job-vacancies/internship/index.html,https://www.aiib.org/en/opportunities/career/job-vacancies/internship/index.html,面向有志于国际发展和基础设施投资的申请人；具体学历、专业、国籍和岗位要求待核查,待核查,待核查,待核查,CV、申请表、学历/在读证明等待核查,Internship,发展融资,Specialized role barrier: it,中高,待核查,MDB 实习入口，主题直连基础设施融资、可持续投资和国际发展；需进入 AIIB 岗位系统确认当前具体岗位和截止日期。,2026-07-10,2026-07-10,b03d31000d456587
Global Sustainable Finance Conference & Awards 2026,国际组织年会/论坛,会议,ADFIMI / Global Sustainable Finance Conference,sustainable finance; development finance; climate finance; investment; development financial institutions,可持续发展/气候,中,待核查,2026-08-27至2026-08-28,"Karlsruhe, Germany",https://www.adfimi.org/en/global-sustainable-finance-conference-awards-2026-2728-august-2026-karlsruhe-germany,待核查,面向发展金融机构、商业银行、央行、监管者、产业界和投资生态相关人员；是否开放个人报名待核查,待核查,待核查,待核查,报名信息、机构/个人资料等待核查,,发展融资,,中,待核查,聚焦发展金融机构如何扩大可持续投资规模，适合跟踪国际金融和气候融资网络，但个人参与门槛需核查。,2026-07-10,2026-07-10,d3d0a0ab5e270964
UNIDO Internship Programme,internship,Internship,United Nations Industrial Development Organization,inclusive and sustainable industrial development; international cooperation; development; SDGs,可持续发展/气候,低,待核查,3-6个月，受资助实习最长可至12个月,Vienna总部及全球外地办公室，具体以岗位为准,https://careers.unido.org/content/Internship/?locale=en_US,https://careers.unido.org/go/Internship-Programe/8954055,本科最后一年在读、硕士或以上在读，或本科/硕士毕业12个月内；须来自UNIDO成员国；工作地点工作语言流利,无申请费信息待核查；差旅、签证、住宿、保险和个人费用由实习生承担,是,https://careers.unido.org/content/Internship/?locale=en_US,具体岗位要求待核查,Internship,可持续发展/项目支持/战略研究,Specialized role barrier: it,中,长期关注,官网明确说明UNIDO为付费实习项目，但当前具体开放岗位需定期在UNIDO Careers内核查。,2026-07-10,2026-07-10,2e919d3012cd59a6
OECD Internship Programme,internship,Internship,Organisation for Economic Co-operation and Development (OECD),AI政策;气候变化;发展;数字治理;经济政策;金融投资;公共治理,AI治理,高,滚动申请，全年开放,实习通常至少1个月，具体起止日期待核查,In-person / Hybrid / Remote，视团队需要而定,https://www.oecd.org/en/about/careers/internships.html,https://www.oecd.org/en/about/careers/internships.html,实习期间须在完全认可的学位项目中注册，包括本科、硕士或博士；需具备与OECD工作相关的学科背景；语言要求以官网为准,待核查,待核查,https://www.oecd.org/en/about/careers/internships/frequently-asked-questions.html,在线申请、cover letter/Message to Hiring Manager、CV等；具体以OECD申请系统为准,Internship,政策研究;AI或数字治理;气候;发展融资;治理,,高,值得申请,全年滚动，政策方向覆盖AI、气候、发展、金融和治理，建议长期保持有效申请。,2026-07-10,2026-07-10,101e42236fd3c9b1
